NAME,MEDIAN,RATE,JIUSHI
NSW PRI,83,0.299471,566
NSW SEC,82,0.29712,227
WA PRI,85,0.355649,239
WA SEC,86.5,0.385593,91
